Metric,Value
Accuracy,0.5338491295938105
Precision,0.671280276816609
Recall,0.5705882352941176
F1 Score,0.616852146263911
AUC,0.5169325357261548
Logloss,0.8352388258688074
