Metric,Value
Accuracy,0.4949637389202256
Precision,0.49442755825734547
Recall,0.3927565392354125
F1 Score,0.43776631531733573
AUC,0.49508742653581844
Logloss,1.0607758276779107
