Metric,Value
Accuracy,0.6789168278529981
Precision,0.7416666666666667
Recall,0.7852941176470588
F1 Score,0.7628571428571429
AUC,0.6299351944167497
