Metric,Value
Accuracy,0.6899677679290894
Precision,0.691497975708502
Recall,0.6873239436619718
F1 Score,0.6894046417759838
AUC,0.6899709673937127
