Metric,Value
Accuracy,0.6112185686653772
Precision,0.7662835249042146
Recall,0.5882352941176471
F1 Score,0.6655574043261232
AUC,0.6790628115653041
Logloss,0.6678928472114117
