Metric,Value
Accuracy,0.6754633360193393
Precision,0.6736883942766295
Recall,0.682092555331992
F1 Score,0.6778644271145771
AUC,0.7387193674349444
Logloss,0.6322163793877718
