Metric,Value
Accuracy,0.55
Precision,0.5517751479289941
Recall,0.5328571428571428
F1 Score,0.5421511627906975
AUC,0.5568
Logloss,0.8464070887271694
