Metric,Value
Accuracy,0.4957142857142857
Precision,0.49512987012987014
Recall,0.4357142857142857
F1 Score,0.46352583586626145
AUC,0.4898816326530613
Logloss,0.9346084170604639
