index,Metric,Value
0,Accuracy,0.565
1,Precision,0.5643564356435643
2,Recall,0.57
3,F1 Score,0.5671641791044776
4,AUC,0.5916040816326531
5,Logloss,0.8309530243697268
