index,Metric,Value
0,Accuracy,0.445
1,Precision,0.4274952919020716
2,Recall,0.3242857142857143
3,F1 Score,0.3688058489033306
4,AUC,0.38223877551020413
5,Logloss,1.0983624122315985
