Metric,Value
Accuracy,0.535
Precision,0.5370650529500757
Recall,0.5071428571428571
F1 Score,0.5216752387950038
AUC,0.5515816326530611
Logloss,0.8314842206925924
