index,Metric,Value
0,Accuracy,0.55
1,Precision,0.5517751479289941
2,Recall,0.5328571428571428
3,F1 Score,0.5421511627906975
4,AUC,0.5568
5,Logloss,0.8464070887271694
