Metric,Value
Accuracy,0.565
Precision,0.5643564356435643
Recall,0.57
F1 Score,0.5671641791044776
AUC,0.5916040816326531
Logloss,0.8309530243697268
