index,Metric,Value
0,Accuracy,0.535
1,Precision,0.5370650529500757
2,Recall,0.5071428571428571
3,F1 Score,0.5216752387950038
4,AUC,0.5515816326530611
5,Logloss,0.8314842206925924
