index,Metric,Value
0,Accuracy,0.4957142857142857
1,Precision,0.4951298701298701
2,Recall,0.4357142857142857
3,F1 Score,0.4635258358662614
4,AUC,0.4898816326530613
5,Logloss,0.934608417060464
