Metric,Value
Accuracy,0.5035714285714286
Precision,0.5039745627980922
Recall,0.45285714285714285
F1 Score,0.4770504138449962
AUC,0.5112938775510203
Logloss,0.9104879468061174
