index,Metric,Value
0,Accuracy,0.5035714285714286
1,Precision,0.5039745627980922
2,Recall,0.4528571428571428
3,F1 Score,0.4770504138449962
4,AUC,0.5112938775510203
5,Logloss,0.9104879468061174
