Metric,Value
Accuracy,0.445
Precision,0.4274952919020716
Recall,0.3242857142857143
F1 Score,0.3688058489033306
AUC,0.38223877551020413
Logloss,1.0983624122315983
