Metric,Value
Accuracy,0.5171392297926365
Precision,0.43842794759825326
Recall,0.502
F1 Score,0.46806526806526805
AUC,0.5151232575201761
Logloss,1.073369504042729
