Metric,Value
Accuracy,0.6500211595429539
Precision,0.5588035350101972
Recall,0.822
F1 Score,0.6653176851477135
AUC,0.6729222303741746
Logloss,0.7349982277215674
