Metric,Value
Accuracy,0.4798984341938214
Precision,0.3922859830667921
Recall,0.417
F1 Score,0.40426563257392145
AUC,0.47152274394717536
Logloss,1.1809135841441243
