Metric,Value
Accuracy,0.3481624758220503
Precision,0.5882352941176471
Recall,0.029411764705882353
F1 Score,0.056022408963585436
AUC,0.4949318710535061
Logloss,1.7671325529773496
