Metric,Value
Accuracy,0.6081252644942869
Precision,0.5272459499263623
Recall,0.716
F1 Score,0.6072943172179812
AUC,0.622490095377843
Logloss,0.8219886480021146
