Metric,Value
Accuracy,0.6939742721733243
Precision,0.7853333333333333
Recall,0.7679269882659713
F1 Score,0.7765326301911667
AUC,0.6477199137954948
Logloss,0.6195991603689339
