Metric,Value
Accuracy,0.5660757453666398
Precision,0.6312450436161776
Recall,0.3203219315895372
F1 Score,0.42498665242925787
AUC,0.5663731481263539
Logloss,1.0922821284292703
