Metric,Value
Accuracy,0.5793482860770207
Precision,0.5023474178403756
Recall,0.642
F1 Score,0.5636523266022827
AUC,0.5876911225238444
Logloss,0.9144971126533835
