Metric,Value
Accuracy,0.5539568345323741
Precision,0.479607250755287
Recall,0.635
F1 Score,0.5464716006884681
AUC,0.5647487160674981
Logloss,0.8686153354737607
