Metric,Value
Accuracy,0.7137330754352031
Precision,0.7232558139534884
Recall,0.9147058823529411
F1 Score,0.8077922077922078
AUC,0.621194749086075
Logloss,0.5819576991484208
