Metric,Value
Accuracy,0.6784850926672039
Precision,0.6857501044713749
Recall,0.6603621730382294
F1 Score,0.6728167281672817
AUC,0.6785070243972914
Logloss,0.6639590905819237
