Metric,Value
Accuracy,0.6440964875158697
Precision,0.5511254019292604
Recall,0.857
F1 Score,0.6708414872798435
AUC,0.672447175348496
Logloss,0.7090779697786592
