Metric,Value
Accuracy,0.6995344900550148
Precision,0.587772397094431
Recall,0.971
F1 Score,0.7322775263951735
AUC,0.7356834189288335
Logloss,0.6325378638849481
