Metric,Value
Accuracy,0.7531031369893929
Precision,0.8487632508833922
Recall,0.7829204693611473
F1 Score,0.8145133943709733
AUC,0.7344536315991357
Logloss,0.5255715015006474
