Metric,Value
Accuracy,0.5289885738468049
Precision,0.4249667994687915
Recall,0.32
F1 Score,0.36508841985168283
AUC,0.5011592076302275
Logloss,1.0333080013085743
