Metric,Value
Accuracy,0.5184088023698689
Precision,0.4046961325966851
Recall,0.293
F1 Score,0.339907192575406
AUC,0.4883928833455612
Logloss,1.0713926964151375
