Metric,Value
Accuracy,0.6906474820143885
Precision,0.618921308576481
Recall,0.7
F1 Score,0.656968559361802
AUC,0.6918928833455611
Logloss,0.6669268494816675
