Metric,Value
Accuracy,0.6051629284807448
Precision,0.535752401280683
Recall,0.502
F1 Score,0.5183273102736189
AUC,0.5914255319148937
Logloss,0.7759733866996952
