Metric,Value
Accuracy,0.6813372831146848
Precision,0.610366398570152
Recall,0.683
F1 Score,0.6446436998584238
AUC,0.6815586940572267
Logloss,0.6741888353197697
