Metric,Value
Accuracy,0.5085714285714286
Precision,0.508695652173913
Recall,0.5014285714285714
F1 Score,0.5050359712230217
AUC,0.5085714285714286
Logloss,1.1155178464046047
