Metric,Value
Accuracy,0.5835714285714285
Precision,0.5749039692701664
Recall,0.6414285714285715
F1 Score,0.6063470627954086
AUC,0.5835714285714286
Logloss,0.9015023770298078
