index,Metric,Value
0,Accuracy,0.6492857142857142
1,Precision,0.6199770378874856
2,Recall,0.7714285714285715
3,F1 Score,0.6874602164226608
4,AUC,0.729930612244898
5,Logloss,0.7507359340047982
