index,Metric,Value
0,Accuracy,0.5835714285714285
1,Precision,0.5749039692701664
2,Recall,0.6414285714285715
3,F1 Score,0.6063470627954086
4,AUC,0.6385775510204081
5,Logloss,0.9015023770298078
