Metric,Value
Accuracy,0.7221428571428572
Precision,0.6628272251308901
Recall,0.9042857142857142
F1 Score,0.7649546827794562
AUC,0.7221428571428572
Logloss,0.621907351014343
