index,Metric,Value
0,Accuracy,0.5542857142857143
1,Precision,0.551490514905149
2,Recall,0.5814285714285714
3,F1 Score,0.5660639777468707
4,AUC,0.5869265306122449
5,Logloss,0.9954516871729748
