index,Metric,Value
0,Accuracy,0.7221428571428572
1,Precision,0.6628272251308901
2,Recall,0.9042857142857142
3,F1 Score,0.7649546827794562
4,AUC,0.8406163265306122
5,Logloss,0.621907351014343
