index,Metric,Value
0,Accuracy,0.5085714285714286
1,Precision,0.508695652173913
2,Recall,0.5014285714285714
3,F1 Score,0.5050359712230217
4,AUC,0.5193795918367348
5,Logloss,1.1155178464046047
