Metric,Value
Accuracy,0.5542857142857143
Precision,0.551490514905149
Recall,0.5814285714285714
F1 Score,0.5660639777468707
AUC,0.5542857142857143
Logloss,0.9954516871729748
