index,Metric,Value
0,Accuracy,0.7085714285714285
1,Precision,0.6536842105263158
2,Recall,0.8871428571428571
3,F1 Score,0.7527272727272727
4,AUC,0.8497489795918368
5,Logloss,0.6271617213710015
