Metric,Value
Accuracy,0.6247582205029013
Precision,0.7466216216216216
Recall,0.65
F1 Score,0.6949685534591196
AUC,0.6588567630442007
Logloss,0.7714550167278343
