Metric,Value
Accuracy,0.7085714285714285
Precision,0.6536842105263158
Recall,0.8871428571428571
F1 Score,0.7527272727272727
AUC,0.7085714285714285
Logloss,0.6271617213710015
