Metric,Value
Accuracy,0.6736502820306205
Precision,0.6301534757749022
Recall,0.8426559356136821
F1 Score,0.7210743801652892
AUC,0.7729922901669801
Logloss,0.74135828380538
