Metric,Value
Accuracy,0.6492857142857142
Precision,0.6199770378874856
Recall,0.7714285714285715
F1 Score,0.6874602164226608
AUC,0.6492857142857142
Logloss,0.7507359340047982
