Metric,Value
Accuracy,0.7756714060031595
Precision,0.7979885057471264
Recall,0.9051499348109517
F1 Score,0.8481979230299328
AUC,0.6946879534656373
Logloss,0.49607824063945516
