Metric,Value
Accuracy,0.5112145577655522
Precision,0.43673469387755104
Recall,0.535
F1 Score,0.4808988764044944
AUC,0.5143818782098313
Logloss,0.9813222093685416
