Metric,Value
Accuracy,0.5714285714285714
Precision,0.5791139240506329
Recall,0.5228571428571429
F1 Score,0.5495495495495495
AUC,0.5831061224489796
Logloss,1.0951362250646153
