Metric,Value
Accuracy,0.66
Precision,0.648936170212766
Recall,0.6971428571428572
F1 Score,0.6721763085399449
AUC,0.7097714285714286
Logloss,0.7838965737533918
