index,Metric,Value
0,Accuracy,0.66
1,Precision,0.648936170212766
2,Recall,0.6971428571428572
3,F1 Score,0.6721763085399449
4,AUC,0.7097714285714286
5,Logloss,0.7838965737533918
