index,Metric,Value
0,Accuracy,0.6085714285714285
1,Precision,0.6134328358208955
2,Recall,0.5871428571428572
3,F1 Score,0.6
4,AUC,0.6302632653061224
5,Logloss,1.0526079343046817
