index,Metric,Value
0,Accuracy,0.5714285714285714
1,Precision,0.5791139240506329
2,Recall,0.5228571428571429
3,F1 Score,0.5495495495495495
4,AUC,0.5831061224489796
5,Logloss,1.0951362250646153
