index,Metric,Value
0,Accuracy,0.6678571428571428
1,Precision,0.6508344030808729
2,Recall,0.7242857142857143
3,F1 Score,0.6855983772819473
4,AUC,0.7356265306122449
5,Logloss,0.8357089988281154
