index,Metric,Value
0,Accuracy,0.555
1,Precision,0.5616
2,Recall,0.5014285714285714
3,F1 Score,0.5298113207547169
4,AUC,0.5718183673469388
5,Logloss,1.1613669874367436
