Metric,Value
Accuracy,0.7391216760676873
Precision,0.7270992366412213
Recall,0.7665995975855131
F1 Score,0.7463271302644465
AUC,0.8097121656928258
Logloss,0.6586264951065536
