Metric,Value
Accuracy,0.555
Precision,0.5616
Recall,0.5014285714285714
F1 Score,0.5298113207547169
AUC,0.5718183673469388
Logloss,1.1613669874367436
