Metric,Value
Accuracy,0.6678571428571428
Precision,0.6508344030808729
Recall,0.7242857142857143
F1 Score,0.6855983772819473
AUC,0.7356265306122449
Logloss,0.8357089988281154
