Metric,Value
Accuracy,0.6857142857142857
Precision,0.6662404092071611
Recall,0.7442857142857143
F1 Score,0.7031039136302294
AUC,0.7453183673469388
Logloss,0.7840702188816968
