index,Metric,Value
0,Accuracy,0.6857142857142857
1,Precision,0.6662404092071611
2,Recall,0.7442857142857143
3,F1 Score,0.7031039136302294
4,AUC,0.7453183673469388
5,Logloss,0.7840702188816968
