Metric,Value
Accuracy,0.6085714285714285
Precision,0.6134328358208955
Recall,0.5871428571428572
F1 Score,0.6
AUC,0.6302632653061224
Logloss,1.0526079343046815
