Metric,Value
Accuracy,0.6576402321083172
Precision,0.7744107744107744
Recall,0.6764705882352942
F1 Score,0.7221350078492936
AUC,0.7128614157527418
Logloss,0.7442791348513845
