Metric,Value
Accuracy,0.7421434327155519
Precision,0.7314636957356896
Recall,0.7661971830985915
F1 Score,0.7484276729559749
AUC,0.7421143236993563
Logloss,0.5654561203057856
