Metric,Value
Accuracy,0.7107142857142857
Precision,0.6608505997818975
Recall,0.8657142857142858
F1 Score,0.7495361781076068
AUC,0.7107142857142857
Logloss,0.6009581946856231
