Metric,Value
Accuracy,0.6757142857142857
Precision,0.6440281030444965
Recall,0.7857142857142857
F1 Score,0.7078507078507079
AUC,0.6757142857142857
Logloss,0.700016688009319
