Metric,Value
Accuracy,0.3481624758220503
Precision,0.6
Recall,0.026470588235294117
F1 Score,0.05070422535211267
AUC,0.4962861415752741
Logloss,3.0622832290418938
