Metric,Value
Accuracy,0.6823126510878323
Precision,0.6935208866155158
Recall,0.654728370221328
F1 Score,0.6735665493686608
AUC,0.682346032629825
Logloss,0.6695738810204974
