Metric,Value
Accuracy,0.5733279613215149
Precision,0.5942475603492553
Recall,0.46559356136820923
F1 Score,0.5221119133574007
AUC,0.5734583377635721
Logloss,0.8039632347953846
