Metric,Value
Accuracy,0.5848497672450275
Precision,0.5113500597371565
Recall,0.428
F1 Score,0.4659771366358193
AUC,0.5639633162142333
Logloss,0.7884264739522844
