Metric,Value
Accuracy,0.6847195357833655
Precision,0.7062937062937062
Recall,0.8911764705882353
F1 Score,0.788036410923277
AUC,0.5896560319042872
Logloss,0.6107263530267155
