Metric,Value
Accuracy,0.5171392297926365
Precision,0.39971550497866287
Recall,0.281
F1 Score,0.3300058719906048
AUC,0.48569442406456353
Logloss,1.0368087352855873
