Metric,Value
Accuracy,0.4506982649174778
Precision,0.2178030303030303
Recall,0.115
F1 Score,0.15052356020942406
AUC,0.4059959647835657
Logloss,1.2874492724586997
