Metric,Value
Accuracy,0.6242383209207854
Precision,0.8105356352368305
Recall,0.5968057366362451
F1 Score,0.6874413365871973
AUC,0.6413962652366846
Logloss,0.6796250468916009
