Metric,Value
Accuracy,0.4650867541261109
Precision,0.2708333333333333
Recall,0.156
F1 Score,0.19796954314720813
AUC,0.4239280997798972
Logloss,1.2302879240623248
