Metric,Value
Accuracy,0.7503173931443081
Precision,0.6632165605095541
Recall,0.833
F1 Score,0.7384751773049646
AUC,0.7613275862068967
Logloss,0.5171376565181911
