Metric,Value
Accuracy,0.6982591876208898
Precision,0.7119815668202765
Recall,0.9088235294117647
F1 Score,0.7984496124031008
AUC,0.6013044200731139
Logloss,0.8902742917042289
