Metric,Value
Accuracy,0.6107977437550363
Precision,0.5684914540500372
Recall,0.9235412474849095
F1 Score,0.7037718491260351
AUC,0.6104192723911035
Logloss,1.0060401771800562
