Metric,Value
Accuracy,0.6865431103948428
Precision,0.6660707901322845
Recall,0.7496981891348089
F1 Score,0.7054146156758803
AUC,0.6864666823043952
Logloss,0.6627171615036916
