Metric,Value
Accuracy,0.7181548878544224
Precision,0.6056962025316456
Recall,0.957
F1 Score,0.7418604651162791
AUC,0.7499600146735144
Logloss,0.5787577309891321
