Metric,Value
Accuracy,0.6771053745239103
Precision,0.5807770961145194
Recall,0.852
F1 Score,0.6907174706120794
AUC,0.7003947175348495
Logloss,0.6641830167843693
