Metric,Value
Accuracy,0.6237833262801523
Precision,0.5407190022010272
Recall,0.737
F1 Score,0.6237833262801523
AUC,0.6388595011005135
Logloss,0.8084272942792623
