Metric,Value
Accuracy,0.7774768675242609
Precision,0.8126126126126126
Recall,0.8820078226857888
F1 Score,0.845889340418881
AUC,0.7120970881587418
Logloss,0.47056596007481877
