Metric,Value
Accuracy,0.6518375241779497
Precision,0.7162162162162162
Recall,0.7794117647058824
F1 Score,0.7464788732394366
AUC,0.5930957128614157
Logloss,0.6135329258574225
