Metric,Value
Accuracy,0.539568345323741
Precision,0.4623287671232877
Recall,0.54
F1 Score,0.4981549815498155
AUC,0.5396258253851798
Logloss,0.9683909609122752
