Metric,Value
Accuracy,0.5476089716462125
Precision,0.47141673570836784
Recall,0.569
F1 Score,0.5156320797462619
AUC,0.5504574468085106
Logloss,0.8801851343601346
