index,Metric,Value
0,Accuracy,0.7392857142857143
1,Precision,0.7117572692793932
2,Recall,0.8042857142857143
3,F1 Score,0.7551978537894032
4,AUC,0.8312387755102041
5,Logloss,0.6414049434013652
