Metric,Value
Accuracy,0.7392857142857143
Precision,0.7117572692793932
Recall,0.8042857142857143
F1 Score,0.7551978537894032
AUC,0.7392857142857143
Logloss,0.6414049434013652
