Metric,Value
Accuracy,0.545
Precision,0.5586592178770949
Recall,0.42857142857142855
F1 Score,0.48504446240905413
AUC,0.545
Logloss,1.3011840844022398
