Metric,Value
Accuracy,0.6092857142857143
Precision,0.6277128547579299
Recall,0.5371428571428571
F1 Score,0.5789068514241725
AUC,0.6092857142857143
Logloss,0.9136812118401303
