Metric,Value
Accuracy,0.6178571428571429
Precision,0.6350245499181669
Recall,0.5542857142857143
F1 Score,0.5919145690312738
AUC,0.617857142857143
Logloss,1.090334462220861
