index,Metric,Value
0,Accuracy,0.6178571428571429
1,Precision,0.6350245499181669
2,Recall,0.5542857142857143
3,F1 Score,0.5919145690312738
4,AUC,0.6437448979591838
5,Logloss,1.090334462220861
