Metric,Value
Accuracy,0.7520145044319098
Precision,0.7119675456389453
Recall,0.8474849094567405
F1 Score,0.7738379570090023
AUC,0.8467437135925678
Logloss,0.5949327753722228
