Metric,Value
Accuracy,0.7176015473887815
Precision,0.7771428571428571
Recall,0.8
F1 Score,0.7884057971014493
AUC,0.7549185776005317
Logloss,0.6545183983912484
