index,Metric,Value
0,Accuracy,0.6407142857142857
1,Precision,0.6485671191553545
2,Recall,0.6142857142857143
3,F1 Score,0.6309611151870874
4,AUC,0.6955836734693878
5,Logloss,0.867483581176532
