Metric,Value
Accuracy,0.6407142857142857
Precision,0.6485671191553545
Recall,0.6142857142857143
F1 Score,0.6309611151870874
AUC,0.6407142857142857
Logloss,0.867483581176532
