index,Metric,Value
0,Accuracy,0.6092857142857143
1,Precision,0.6277128547579299
2,Recall,0.5371428571428571
3,F1 Score,0.5789068514241725
4,AUC,0.6560020408163265
5,Logloss,0.9136812118401304
