index,Metric,Value
0,Accuracy,0.545
1,Precision,0.5586592178770949
2,Recall,0.4285714285714285
3,F1 Score,0.4850444624090541
4,AUC,0.5644755102040817
5,Logloss,1.3011840844022398
