Metric,Value
Accuracy,0.49857142857142855
Precision,0.49777777777777776
Recall,0.32
F1 Score,0.3895652173913044
AUC,0.4985714285714286
Logloss,1.5313435494184562
