index,Metric,Value
0,Accuracy,0.4985714285714285
1,Precision,0.4977777777777777
2,Recall,0.32
3,F1 Score,0.3895652173913044
4,AUC,0.4764816326530612
5,Logloss,1.5313435494184562
