Metric,Value
Accuracy,0.7328571428571429
Precision,0.6726694915254238
Recall,0.9071428571428571
F1 Score,0.7725060827250608
AUC,0.7328571428571428
Logloss,0.5723297185678508
