Metric,Value
Accuracy,0.6364285714285715
Precision,0.6238651102464332
Recall,0.6871428571428572
F1 Score,0.6539768864717879
AUC,0.6364285714285715
Logloss,0.7569263260930997
