Metric,Value
Accuracy,0.7671428571428571
Precision,0.6904276985743381
Recall,0.9685714285714285
F1 Score,0.8061831153388823
AUC,0.7671428571428571
Logloss,0.4972844562185269
