Metric,Value
Accuracy,0.6817082997582594
Precision,0.689727463312369
Recall,0.6619718309859155
F1 Score,0.6755646817248461
AUC,0.7371504541569709
Logloss,0.6652518477320373
