index,Metric,Value
0,Accuracy,0.5335714285714286
1,Precision,0.5357686453576864
2,Recall,0.5028571428571429
3,F1 Score,0.5187914517317612
4,AUC,0.5324714285714286
5,Logloss,0.9560669827663816
