index,Metric,Value
0,Accuracy,0.6757142857142857
1,Precision,0.6440281030444965
2,Recall,0.7857142857142857
3,F1 Score,0.7078507078507079
4,AUC,0.7403530612244899
5,Logloss,0.700016688009319
