index,Metric,Value
0,Accuracy,0.7107142857142857
1,Precision,0.6608505997818975
2,Recall,0.8657142857142858
3,F1 Score,0.7495361781076068
4,AUC,0.8194571428571429
5,Logloss,0.6009581946856231
