Metric,Value
Accuracy,0.5335714285714286
Precision,0.5357686453576864
Recall,0.5028571428571429
F1 Score,0.5187914517317612
AUC,0.5335714285714286
Logloss,0.9560669827663815
