index,Metric,Value
0,Accuracy,0.7328571428571429
1,Precision,0.6726694915254238
2,Recall,0.9071428571428573
3,F1 Score,0.7725060827250608
4,AUC,0.8449877551020407
5,Logloss,0.5723297185678508
