index,Metric,Value
0,Accuracy,0.7671428571428571
1,Precision,0.6904276985743381
2,Recall,0.9685714285714284
3,F1 Score,0.8061831153388823
4,AUC,0.94005306122449
5,Logloss,0.4972844562185269
