index,Metric,Value
0,Accuracy,0.6364285714285715
1,Precision,0.6238651102464332
2,Recall,0.6871428571428572
3,F1 Score,0.6539768864717879
4,AUC,0.6556714285714287
5,Logloss,0.7569263260930997
