Metric,Value
Accuracy,0.7001934235976789
Precision,0.7146171693735499
Recall,0.9058823529411765
F1 Score,0.7989623865110248
AUC,0.715819209039548
Logloss,0.5788042056106002
