Metric,Value
Accuracy,0.5192857142857142
Precision,0.5145631067961165
Recall,0.6814285714285714
F1 Score,0.5863552550706823
AUC,0.5192857142857142
Logloss,0.9936487107360176
