Metric,Value
Accuracy,0.6286266924564797
Precision,0.6796116504854369
Recall,0.8235294117647058
F1 Score,0.7446808510638298
AUC,0.5994184114323695
Logloss,0.7863845720478322
