Metric,Value
Accuracy,0.58
Precision,0.5552268244575936
Recall,0.8042857142857143
F1 Score,0.6569428238039674
AUC,0.5800000000000001
Logloss,0.8625684711707444
