Metric,Value
Accuracy,0.4835714285714286
Precision,0.48717948717948717
Recall,0.6242857142857143
F1 Score,0.5472761427676894
AUC,0.4835714285714286
Logloss,1.0621896505788841
