index,Metric,Value
0,Accuracy,0.5071428571428571
1,Precision,0.5054585152838428
2,Recall,0.6614285714285715
3,F1 Score,0.5730198019801981
4,AUC,0.5312918367346939
5,Logloss,1.011968258829788
