index,Metric,Value
0,Accuracy,0.5428571428571428
1,Precision,0.5306748466257669
2,Recall,0.7414285714285714
3,F1 Score,0.6185935637663886
4,AUC,0.5921244897959184
5,Logloss,0.9245781249269924
