Metric,Value
Accuracy,0.5242857142857142
Precision,0.5178571428571429
Recall,0.7042857142857143
F1 Score,0.5968523002421308
AUC,0.5242857142857142
Logloss,0.9477301522800352
