index,Metric,Value
0,Accuracy,0.4835714285714286
1,Precision,0.4871794871794871
2,Recall,0.6242857142857143
3,F1 Score,0.5472761427676894
4,AUC,0.5021693877551021
5,Logloss,1.062189650578884
