Metric,Value
Accuracy,0.6099919419822724
Precision,0.5799592193416837
Recall,0.8012072434607646
F1 Score,0.6728624535315986
AUC,0.6737650590919457
Logloss,0.847930088261933
