Metric,Value
Accuracy,0.5071428571428571
Precision,0.5054585152838428
Recall,0.6614285714285715
F1 Score,0.5730198019801981
AUC,0.5071428571428571
Logloss,1.011968258829788
