Metric,Value
Accuracy,0.5428571428571428
Precision,0.5306748466257669
Recall,0.7414285714285714
F1 Score,0.6185935637663886
AUC,0.5428571428571429
Logloss,0.9245781249269925
