index,Metric,Value
0,Accuracy,0.58
1,Precision,0.5552268244575936
2,Recall,0.8042857142857143
3,F1 Score,0.6569428238039674
4,AUC,0.6806816326530611
5,Logloss,0.8625684711707444
