index,Metric,Value
0,Accuracy,0.5192857142857142
1,Precision,0.5145631067961165
2,Recall,0.6814285714285714
3,F1 Score,0.5863552550706823
4,AUC,0.5479877551020408
5,Logloss,0.9936487107360176
