index,Metric,Value
0,Accuracy,0.5242857142857142
1,Precision,0.5178571428571429
2,Recall,0.7042857142857143
3,F1 Score,0.5968523002421308
4,AUC,0.5233040816326531
5,Logloss,0.9477301522800352
