Metric,Value
Accuracy,0.6148963182395261
Precision,0.5308219178082192
Recall,0.775
F1 Score,0.6300813008130082
AUC,0.6362160674981658
Logloss,0.7973522183230684
