Metric,Value
Accuracy,0.6404109589041096
Precision,0.6495726495726496
Recall,0.6116700201207244
F1 Score,0.6300518134715026
AUC,0.6404457401934803
Logloss,0.6997851895061261
