Metric,Value
Accuracy,0.4993956486704271
Precision,0.0
Recall,0.0
F1 Score,0.0
AUC,0.5
Logloss,2.3849288152631893
