Metric,Value
Accuracy,0.34235976789168276
Precision,0.0
Recall,0.0
F1 Score,0.0
AUC,0.5
Logloss,3.2342142503448956
