Metric,Value
Accuracy,0.7117988394584139
Precision,0.7817109144542773
Recall,0.7794117647058824
F1 Score,0.7805596465390279
AUC,0.7319042871385844
Logloss,0.6636079518422962
