Metric,Value
Accuracy,0.7135714285714285
Precision,0.7023004059539919
Recall,0.7414285714285714
F1 Score,0.7213342599027102
AUC,0.7790448979591836
Logloss,0.6477129251302827
