Metric,Value
Accuracy,0.7228571428571429
Precision,0.7052631578947368
Recall,0.7657142857142857
F1 Score,0.7342465753424657
AUC,0.7893938775510204
Logloss,0.677270431721595
