Metric,Value
Accuracy,0.7142857142857143
Precision,0.7021563342318059
Recall,0.7442857142857143
F1 Score,0.722607489597781
AUC,0.7767367346938776
Logloss,0.7129909625718033
