Metric,Value
Accuracy,0.6625705076551168
Precision,0.7612903225806451
Recall,0.47484909456740443
F1 Score,0.5848822800495662
AUC,0.6627976816120604
Logloss,0.7332787061680478
