Metric,Value
Accuracy,0.5338491295938105
Precision,0.8193548387096774
Recall,0.3735294117647059
F1 Score,0.5131313131313131
AUC,0.6076686606846128
Logloss,0.7361517636402541
