Metric,Value
Accuracy,0.4748201438848921
Precision,0.418194161575017
Recall,0.616
F1 Score,0.4981803477557622
AUC,0.49361995597945707
Logloss,1.1159537007468072
