Metric,Value
Accuracy,0.49005501481168007
Precision,0.43216412971542023
Recall,0.653
F1 Score,0.5201115093588212
AUC,0.5117531181217903
Logloss,1.0851172926029486
