Metric,Value
Accuracy,0.5964793500338524
Precision,0.714190093708166
Recall,0.6955671447196871
F1 Score,0.7047556142668429
AUC,0.5345040419123013
Logloss,0.8252945001695479
