Metric,Value
Accuracy,0.5501481168006771
Precision,0.48098974049487025
Recall,0.797
F1 Score,0.5999247271358675
AUC,0.5830194424064564
Logloss,0.9667118017618609
