Metric,Value
Accuracy,0.5298349555649597
Precision,0.4655493482309125
Recall,0.75
F1 Score,0.5744925315970892
AUC,0.5591526045487895
Logloss,1.001556092851464
