Metric,Value
Accuracy,0.48624629707998307
Precision,0.428380187416332
Recall,0.64
F1 Score,0.5132317562149158
AUC,0.5067204695524579
Logloss,1.1026940236197327
