Metric,Value
Accuracy,0.46677951756242064
Precision,0.410958904109589
Recall,0.6
F1 Score,0.4878048780487805
AUC,0.4845194424064564
Logloss,0.9788256522254923
