Metric,Value
Accuracy,0.4663563267033432
Precision,0.41140529531568226
Recall,0.606
F1 Score,0.4900930044480388
AUC,0.48495157740278794
Logloss,1.0001324325971992
