Metric,Value
Accuracy,0.7059354547506206
Precision,0.7536648462201783
Recall,0.8546284224250326
F1 Score,0.8009775469680771
AUC,0.6129341671919734
Logloss,0.6165865684733013
