Metric,Value
Accuracy,0.4930173508252222
Precision,0.43529411764705883
Recall,0.666
F1 Score,0.5264822134387351
AUC,0.5160520909757887
Logloss,0.9418186246945981
