Metric,Value
Accuracy,0.5344900550148117
Precision,0.4694002447980416
Recall,0.767
F1 Score,0.5823842065299925
AUC,0.565451577402788
Logloss,0.8829902339874088
