Metric,Value
Accuracy,0.4536606009310199
Precision,0.3988881167477415
Recall,0.574
F1 Score,0.4706847068470685
AUC,0.4696852531181217
Logloss,1.021933063100085
