Metric,Value
Accuracy,0.59
Precision,0.6133093525179856
Recall,0.48714285714285716
F1 Score,0.5429936305732485
AUC,0.5899836734693877
Logloss,1.1378382974565626
