Metric,Value
Accuracy,0.595
Precision,0.6181172291296625
Recall,0.49714285714285716
F1 Score,0.5510688836104513
AUC,0.5946897959183673
Logloss,1.1318617385620398
