Metric,Value
Accuracy,0.7574536663980661
Precision,0.7554846429996012
Recall,0.7621730382293762
F1 Score,0.7588141025641025
AUC,0.8250787500314514
Logloss,0.6160558911922476
