Metric,Value
Accuracy,0.5535714285714286
Precision,0.5717017208413002
Recall,0.42714285714285716
F1 Score,0.48896156991005724
AUC,0.5682571428571429
Logloss,1.1031013836939338
