Metric,Value
Accuracy,0.6407142857142857
Precision,0.5948026948989413
Recall,0.8828571428571429
F1 Score,0.7107533064979874
AUC,0.6407142857142858
Logloss,1.0984381824994045
