Metric,Value
Accuracy,0.6128571428571429
Precision,0.5782178217821782
Recall,0.8342857142857143
F1 Score,0.6830409356725146
AUC,0.6128571428571429
Logloss,1.1389097788484812
