Metric,Value
Accuracy,0.5992857142857143
Precision,0.5711361310133061
Recall,0.7971428571428572
F1 Score,0.6654740608228981
AUC,0.5992857142857143
Logloss,1.21154480863617
