index,Metric,Value
0,Accuracy,0.6571428571428571
1,Precision,0.603578154425612
2,Recall,0.9157142857142856
3,F1 Score,0.7275822928490352
4,AUC,0.7755795918367346
5,Logloss,1.0470564345524382
