index,Metric,Value
0,Accuracy,0.5992857142857143
1,Precision,0.5711361310133061
2,Recall,0.7971428571428572
3,F1 Score,0.6654740608228981
4,AUC,0.6566469387755103
5,Logloss,1.21154480863617
