Metric,Value
Accuracy,0.5819903303787268
Precision,0.5517415446744068
Recall,0.8796780684104628
F1 Score,0.6781448735846131
AUC,0.6910919327988909
Logloss,1.0872864363356114
