Metric,Value
Accuracy,0.6071428571428571
Precision,0.5753012048192772
Recall,0.8185714285714286
F1 Score,0.6757075471698114
AUC,0.6071428571428572
Logloss,1.1720662549096283
