index,Metric,Value
0,Accuracy,0.6128571428571429
1,Precision,0.5782178217821782
2,Recall,0.8342857142857143
3,F1 Score,0.6830409356725146
4,AUC,0.6463204081632654
5,Logloss,1.1389097788484812
