index,Metric,Value
0,Accuracy,0.6071428571428571
1,Precision,0.5753012048192772
2,Recall,0.8185714285714286
3,F1 Score,0.6757075471698114
4,AUC,0.6613632653061224
5,Logloss,1.1720662549096283
