Metric,Value
Accuracy,0.688588007736944
Precision,0.6845360824742268
Recall,0.9764705882352941
F1 Score,0.8048484848484849
AUC,0.6775340644732469
Logloss,1.1424135913314697
