index,Metric,Value
0,Accuracy,0.6407142857142857
1,Precision,0.5948026948989413
2,Recall,0.8828571428571429
3,F1 Score,0.7107533064979874
4,AUC,0.7015387755102042
5,Logloss,1.0984381824994045
