Metric,Value
Accuracy,0.6571428571428571
Precision,0.603578154425612
Recall,0.9157142857142857
F1 Score,0.7275822928490352
AUC,0.6571428571428571
Logloss,1.0470564345524382
