index,Metric,Value
0,Accuracy,0.5128571428571429
1,Precision,0.5104166666666666
2,Recall,0.63
3,F1 Score,0.5639386189258312
4,AUC,0.5105632653061224
5,Logloss,1.2709714685583389
