Metric,Value
Accuracy,0.5128571428571429
Precision,0.5104166666666666
Recall,0.63
F1 Score,0.5639386189258312
AUC,0.5128571428571429
Logloss,1.2709714685583389
