Metric,Value
Accuracy,0.6684125705076551
Precision,0.6632931101595951
Recall,0.6857142857142857
F1 Score,0.6743173723783141
AUC,0.6683916325707371
Logloss,0.688670477998622
