Metric,Value
Accuracy,0.6576402321083172
Precision,0.6992665036674817
Recall,0.8411764705882353
F1 Score,0.7636849132176234
AUC,0.5731306081754737
Logloss,0.7091484153397627
