Metric,Value
Accuracy,0.5957446808510638
Precision,0.6641604010025063
Recall,0.7794117647058824
F1 Score,0.7171853856562924
AUC,0.5111748089066135
