Metric,Value
Accuracy,0.5973005640612409
Precision,0.5691126279863481
Recall,0.8052313883299799
F1 Score,0.6668888518580236
AUC,0.5970489333743485
