Metric,Value
Accuracy,0.6768734891216761
Precision,0.6681939671630394
Recall,0.704225352112676
F1 Score,0.6857366771159874
AUC,0.6768403888437523
