Metric,Value
Accuracy,0.6866537717601547
Precision,0.7379679144385026
Recall,0.8117647058823529
F1 Score,0.7731092436974789
AUC,0.6290461947490861
