Metric,Value
Accuracy,0.6595744680851063
Precision,0.8037037037037037
Recall,0.638235294117647
F1 Score,0.7114754098360655
AUC,0.6694001329345297
Logloss,0.7146825010488717
