Metric,Value
Accuracy,0.7405318291700241
Precision,0.7252540459164472
Recall,0.7754527162977867
F1 Score,0.7495138078568649
AUC,0.7404895691210596
Logloss,0.5676758806010391
