Metric,Value
Accuracy,0.6740531829170024
Precision,0.6655211912943871
Recall,0.7014084507042253
F1 Score,0.6829937304075235
AUC,0.674020078518712
Logloss,0.6888416006063155
