Metric,Value
Accuracy,0.6808510638297872
Precision,0.7358490566037735
Recall,0.8029411764705883
F1 Score,0.7679324894514769
AUC,0.6246344300432037
Logloss,0.6629031834881195
