Metric,Value
Accuracy,0.6903706688154714
Precision,0.6897518014411529
Recall,0.6933601609657948
F1 Score,0.6915512743327312
AUC,0.6903670510355395
Logloss,0.6548010992378062
