Metric,Value
Accuracy,0.6769825918762089
Precision,0.7331536388140162
Recall,0.8
F1 Score,0.7651195499296766
AUC,0.6203389830508476
Logloss,0.6228856224065195
