Metric,Value
Accuracy,0.5641134151502327
Precision,0.49019607843137253
Recall,0.75
F1 Score,0.592885375494071
AUC,0.5888664710198093
Logloss,1.1599684762440756
