Metric,Value
Accuracy,0.6098180279305967
Precision,0.5235792019347038
Recall,0.866
F1 Score,0.6525998492840995
AUC,0.643931768158474
Logloss,1.0770900439423285
