Metric,Value
Accuracy,0.4531708417964342
Precision,0.6458616010854816
Recall,0.4654498044328553
F1 Score,0.5410115552187914
AUC,0.4454908596632361
Logloss,1.1124694305992338
