Metric,Value
Accuracy,0.5306813372831147
Precision,0.46300067888662594
Recall,0.682
F1 Score,0.5515568135867367
AUC,0.5508312545854732
Logloss,1.188969445751757
