Metric,Value
Accuracy,0.5450698264917477
Precision,0.47521480502313285
Recall,0.719
F1 Score,0.572224432948667
AUC,0.5682307410124724
Logloss,1.1869568484127873
