Metric,Value
Accuracy,0.5679221328819297
Precision,0.4932214331826985
Recall,0.764
F1 Score,0.5994507650058847
AUC,0.5940322817314747
Logloss,1.138943198145518
