Metric,Value
Accuracy,0.5964947622884771
Precision,0.5685048322910745
Recall,0.8048289738430584
F1 Score,0.6663334999167083
AUC,0.5962426434362529
Logloss,0.7631462902534895
