Metric,Value
Accuracy,0.586073500967118
Precision,0.6598984771573604
Recall,0.7647058823529411
F1 Score,0.7084468664850135
AUC,0.5038218677301429
Logloss,0.7317021116061199
