Metric,Value
Accuracy,0.5344900550148117
Precision,0.4642857142857143
Recall,0.65
F1 Score,0.5416666666666667
AUC,0.5498716067498166
Logloss,0.9039148198905553
