Metric,Value
Accuracy,0.5531104528142192
Precision,0.48092643051771117
Recall,0.706
F1 Score,0.5721231766612641
AUC,0.5734695524578136
Logloss,0.8499818958470989
