Metric,Value
Accuracy,0.589081675835802
Precision,0.509409474367294
Recall,0.785
F1 Score,0.6178669815033452
AUC,0.6151705796038152
Logloss,0.8153850902352294
