Metric,Value
Accuracy,0.6424037240795599
Precision,0.5464907018596281
Recall,0.911
F1 Score,0.683164604424447
AUC,0.6781705796038151
Logloss,0.7116648793573214
