Metric,Value
Accuracy,0.48724892800722186
Precision,0.6736474694589878
Recall,0.5032594524119948
F1 Score,0.5761194029850747
AUC,0.47723500867114776
Logloss,0.8702978898082896
