Metric,Value
Accuracy,0.5598815065594583
Precision,0.4864314789687924
Recall,0.717
F1 Score,0.5796281325788197
AUC,0.5808037417461482
Logloss,0.8708305137324682
