Metric,Value
Accuracy,0.5391451544646636
Precision,0.4750979294907666
Recall,0.849
F1 Score,0.6092572658772873
AUC,0.5804060895084373
Logloss,0.925349824044697
