Metric,Value
Accuracy,0.5171392297926365
Precision,0.4583579444772593
Recall,0.776
F1 Score,0.5763089491273673
AUC,0.5516096845194425
Logloss,0.9677711411545902
