Metric,Value
Accuracy,0.47439695302581464
Precision,0.424375
Recall,0.679
F1 Score,0.5223076923076924
AUC,0.5016423330887747
Logloss,1.0518478227409551
