Metric,Value
Accuracy,0.655705996131528
Precision,0.6956521739130435
Recall,0.8470588235294118
F1 Score,0.7639257294429708
AUC,0.5675972083748754
Logloss,0.7119435217073451
