Metric,Value
Accuracy,0.4739737621667372
Precision,0.42513863216266173
Recall,0.69
F1 Score,0.5261151353412123
AUC,0.5027402787967719
Logloss,1.0364608068924557
