Metric,Value
Accuracy,0.6310088016249153
Precision,0.7197178779515486
Recall,0.7649934810951761
F1 Score,0.7416653499762996
AUC,0.5472069386400311
Logloss,0.7425010553117118
