Metric,Value
Accuracy,0.6124093473005641
Precision,0.5786375105130361
Recall,0.8305835010060362
F1 Score,0.682088565763384
AUC,0.6121453204909164
Logloss,0.7992203492381664
