Metric,Value
Accuracy,0.4688954718578079
Precision,0.4187380497131931
Recall,0.657
F1 Score,0.5114830673413779
AUC,0.493943873807777
Logloss,1.08249154303317
